time;x;y;fx;fy
63;120;-120;0;0
126;120;-120;0;0
189;120;-120;0;0
252;120;-120;0;0
315;120;-120;0;0
378;120;-120;0;0
441;120;-120;0;0
504;120;-120;0;0
567;120;-120;0;0
630;120;-120;0;0
693;120;-120;0;0
756;120;-120;0;0
819;120;-120;0;0
882;120;-120;0;0
945;120;-120;0;0
1008;120;-120;0;0
1071;120;-120;0;0
1134;120;-120;0;0
1197;120;-120;0;42
1260;120;-120;0;42
1323;120;-120;0;42
1386;120;-120;0;42
1449;120;-120;0;42
1512;120;-119;0;148
1575;120;-115;0;148
1638;120;-113;0;148
1701;120;-111;0;148
1764;120;-109;0;148
1827;120;-104;0;214
1890;120;-100;0;214
1953;120;-97;0;214
2016;120;-94;0;214
2079;120;-91;0;214
2142;120;-85;0;132
2205;120;-84;0;132
2268;120;-82;0;132
2331;120;-80;0;132
2394;120;-77;0;132
2457;120;-76;0;89
2520;120;-76;0;89
2583;120;-76;0;89
2646;120;-76;0;89
2709;120;-76;0;89
2772;120;-75;0;147
2835;120;-73;0;147
2898;120;-69;0;147
2961;120;-67;0;147
3024;120;-65;0;147
3087;120;-62;0;298
3150;120;-55;0;298
3213;120;-51;0;298
3276;120;-47;0;298
3339;120;-44;0;298
3402;120;-35;0;243
3465;120;-30;0;243
3528;120;-26;0;243
3591;120;-21;0;243
3654;120;-13;0;106
3717;120;-13;0;106
3780;120;-13;0;106
3843;120;-13;0;106
3906;120;-13;0;106
3969;120;-13;0;155
4032;120;-11;0;155
4095;120;-9;0;155
4158;120;-4;0;155
4221;120;-2;0;155
4284;120;0;0;155
4347;120;3;0;347
4410;120;10;0;347
4473;120;14;0;347
4536;120;17;0;347
4599;120;21;0;347
4662;120;30;0;253
4725;120;35;0;253
4788;120;40;0;253
4851;120;49;0;253
4914;120;51;0;92
4977;120;51;0;92
5040;120;51;0;92
5103;120;51;0;92
5166;120;51;0;92
5229;120;51;0;104
5292;120;51;0;104
5355;120;51;0;104
5418;120;51;0;104
5481;120;51;0;104
5544;120;52;0;326
5607;120;56;0;326
5670;120;63;0;326
5733;120;67;0;326
5796;120;71;0;326
5859;120;79;0;251
5922;120;84;0;251
5985;120;89;0;251
6048;120;93;0;251
6111;120;98;0;251
6174;120;103;0;0
6237;120;103;0;0
6300;120;103;0;0
6363;120;103;0;0
6426;120;103;0;-43
6489;120;103;0;-43
6552;120;103;0;-43
6615;120;103;0;-43
6678;120;103;0;-43
6741;120;103;0;-43
6804;120;103;0;0
6867;120;103;0;0
6930;120;103;0;0
6993;120;103;0;0
7056;120;103;0;0
7119;120;103;0;103
7182;120;103;0;103
7245;120;103;0;103
7308;120;103;0;103
7371;120;103;0;103
7434;120;105;0;124
7497;120;107;0;124
7560;120;109;0;124
7623;120;110;0;124
7686;120;113;0;0
7749;120;113;0;0
7812;120;113;0;0
7875;120;113;0;0
7938;120;113;0;0
8001;120;113;0;-48
8064;120;113;0;-48
8127;120;113;0;-48
8190;120;113;0;-48
8253;120;113;0;-48
8316;120;113;0;0
8379;120;113;0;0
8442;120;113;0;0
8505;120;113;0;0
8568;120;113;0;0
8631;120;113;0;0
8694;120;113;0;0
8757;120;113;0;0
8820;120;113;-54;0
8883;120;113;-54;0
8946;120;113;-54;-49
9009;120;113;-54;-49
9072;120;113;-54;-49
9135;119;113;-116;-49
9198;115;113;-116;-49
9261;114;113;-116;-101
9324;112;113;-116;-101
9387;111;113;-116;-101
9450;106;113;-164;-101
9513;104;113;-164;-101
9576;102;112;-164;-127
9639;99;111;-164;-127
9702;94;107;-140;-127
9765;92;106;-140;-127
9828;90;104;-140;-127
9891;88;102;-140;-124
9954;84;99;-140;-124
10017;82;97;-36;-124
10080;82;95;-36;-124
10143;82;94;-36;-124
10206;82;92;-36;-53
10269;82;92;-36;-53
10332;82;92;0;-53
10395;82;92;0;-53
10458;82;92;0;-109
10521;82;92;0;-109
10584;82;92;0;-109
10647;82;92;-54;-109
10710;82;92;-54;-109
10773;82;92;-54;-181
10836;82;90;-54;-181
10899;82;85;-54;-181
10962;82;82;-84;-181
11025;82;80;-84;-181
11088;82;77;-84;-181
11151;82;75;-84;-137
11214;82;71;-84;-137
11277;82;69;-109;-137
11340;82;67;-109;-137
11403;82;65;-109;-137
11466;82;65;-109;-60
11529;82;65;-109;-60
11592;81;65;-199;-60
11655;78;65;-199;-60
11718;72;65;-199;-59
11781;69;65;-199;-59
11844;66;65;-199;-59
11907;63;65;-245;-59
11970;55;65;-245;-59
12033;52;65;-245;-73
12096;48;65;-245;-73
12159;44;65;-245;-73
12222;38;65;-195;-73
12285;35;65;-195;-73
12348;32;64;-195;-193
12411;25;58;-195;-193
12474;23;55;-70;-193
12537;23;52;-70;-193
12600;23;49;-70;-193
12663;23;46;-70;-151
12726;23;42;-70;-151
12789;23;40;-74;-151
12852;23;38;-74;-151
12915;23;36;-74;-151
12978;23;34;-74;-87
13041;23;34;-74;-87
13104;23;34;-74;-87
13167;20;34;-131;-87
13230;18;34;-131;-87
13293;16;34;-131;-86
13356;14;34;-131;-86
13419;13;34;-131;-86
13482;7;34;-194;-86
13545;4;34;-194;-86
13608;1;33;-194;-134
13671;0;31;-194;-134
13734;-6;28;-160;-134
13797;-8;26;-160;-134
13860;-11;24;-160;-134
13923;-16;20;-160;-173
13986;-18;17;-160;-173
14049;-19;14;-77;-173
14112;-19;12;-77;-173
14175;-19;9;-77;-173
14238;-19;8;-77;-109
14301;-19;8;-77;-109
14364;-19;8;-67;-109
14427;-19;8;-67;-109
14490;-19;8;-67;-133
14553;-19;6;-67;-133
14616;-19;4;-67;-133
14679;-21;1;-129;-133
14742;-23;0;-129;-133
14805;-25;-2;-129;-197
14868;-28;-8;-129;-197
14931;-30;-11;-163;-197
14994;-32;-14;-163;-197
15057;-35;-17;-163;-197
15120;-37;-20;-163;-141
15183;-42;-24;-163;-141
15246;-44;-26;-163;-141
15309;-46;-28;-138;-141
15372;-50;-32;-138;-141
15435;-52;-34;-138;-113
15498;-53;-35;-138;-113
15561;-55;-37;-138;-113
15624;-59;-39;-140;-113
15687;-61;-41;-140;-113
15750;-63;-43;-140;-133
15813;-68;-46;-140;-133
15876;-68;-46;-140;-133
15939;-72;-50;-157;-133
16002;-74;-51;-157;-133
16065;-76;-53;-157;-172
16128;-78;-56;-157;-172
16191;-82;-61;-128;-172
16254;-83;-64;-128;-172
16317;-85;-66;-128;-172
16380;-87;-69;-128;-180
16443;-90;-74;-128;-180
16506;-92;-76;-93;-180
16569;-92;-79;-93;-180
16632;-92;-84;-93;-157
16695;-92;-86;-93;-157
16758;-92;-88;-93;-157
16821;-92;-90;-89;-157
16884;-92;-94;-89;-157
16947;-92;-96;-89;-135
17010;-92;-98;-89;-135
17073;-92;-100;-89;-135
17136;-92;-102;-122;-135
17199;-95;-105;-122;-135
17262;-97;-107;-122;-135
17325;-98;-109;-122;-104
17388;-102;-109;-122;-104
17451;-104;-109;-122;-104
17514;-107;-109;-240;-104
17577;-111;-109;-240;-104
17640;-115;-109;-240;-104
17703;-122;-109;-240;-98
17766;-126;-109;-240;-98
17829;-129;-109;-155;-98
17892;-131;-109;-155;-98
17955;-136;-109;-155;-66
18018;-138;-109;-155;-66
18081;-141;-109;0;-66
18144;-141;-109;0;-66
18207;-141;-109;0;-66
18270;-141;-109;0;-107
18333;-141;-109;0;-107
18396;-141;-109;0;-107
18459;-141;-109;0;-107
18522;-141;-109;0;-107
18585;-141;-110;0;-122
18648;-141;-113;0;-122
18711;-141;-115;0;-122
18774;-141;-117;0;-122
18837;-141;-118;0;-122
18900;-141;-119;0;-96
18963;-141;-119;0;-96
19026;-141;-119;0;-96
19089;-141;-119;0;-96
19152;-141;-119;0;-39
19215;-141;-119;0;-39
19278;-141;-119;0;-39
19341;-141;-119;0;-39
19404;-141;-119;0;-39
19467;-141;-119;0;0
19530;-141;-119;0;0
19593;-141;-119;0;0
19656;-141;-119;0;0
19719;-141;-119;0;0
19782;-141;-119;0;0
19845;-141;-119;0;0
19908;-141;-119;0;0
19971;-141;-119;0;0
20034;-141;-119;0;0
20097;-141;-119;0;0
20160;-141;-119;0;0
20223;-141;-119;0;0
20286;-141;-119;0;0
20349;-141;-119;0;0
20412;-141;-119;0;0
20475;-141;-119;0;0
20538;-141;-119;0;0
20601;-141;-119;0;0
20664;-141;-119;0;0
20727;-141;-119;0;-28
20790;-141;-119;0;-28
20853;-141;-119;0;-28
20916;-141;-119;0;-28
20979;-141;-119;0;-28
21042;-141;-119;0;0
21105;-141;-119;0;0
21168;-141;-119;0;0
21231;-141;-119;0;0
21294;-141;-119;102;0
21357;-141;-119;102;0
21420;-141;-119;102;-45
21483;-141;-119;102;-45
21546;-141;-119;102;-45
21609;-141;-119;102;-45
21672;-141;-119;133;-45
21735;-138;-119;133;-43
21798;-136;-119;133;-43
21861;-135;-119;133;-43
21924;-133;-119;133;-43
21987;-131;-119;99;-43
22050;-131;-119;99;0
22113;-131;-119;99;0
22176;-131;-119;99;0
22239;-131;-119;99;0
22302;-131;-119;96;0
22365;-131;-119;96;0
22428;-131;-119;96;0
22491;-131;-119;96;0
22554;-131;-119;96;0
22617;-129;-119;194;0
22680;-126;-119;194;-33
22743;-119;-119;194;-33
22806;-116;-119;194;-33
22869;-110;-119;180;-33
22932;-110;-119;180;-33
22995;-105;-119;180;0
23058;-102;-119;180;0
23121;-100;-119;180;0
23184;-97;-119;180;0
23247;-93;-119;154;0
23310;-90;-119;154;0
23373;-88;-119;154;0
23436;-84;-119;154;0
23499;-81;-119;170;0
23562;-79;-119;170;0
23625;-77;-119;170;0
23688;-72;-119;170;0
23751;-69;-119;170;0
23814;-67;-119;203;0
23877;-63;-119;203;0
23940;-60;-119;203;0
24003;-54;-119;203;0
24066;-50;-119;203;0
24129;-47;-119;203;0
24192;-40;-119;241;0
24255;-36;-119;241;0
24318;-32;-119;241;0
24381;-29;-119;241;0
24444;-22;-119;206;0
24507;-18;-119;206;0
24570;-15;-119;206;0
24633;-12;-119;206;0
24696;-5;-119;206;0
24759;-2;-119;197;0
24822;0;-119;197;0
24885;3;-119;197;0
24948;10;-119;197;0
25011;13;-119;197;0
25074;16;-119;195;0
25137;19;-119;195;0
25200;26;-119;195;0
25263;29;-119;195;0
25326;32;-119;195;0
25389;36;-119;212;0
25452;39;-119;212;0
25515;45;-119;212;0
25578;49;-119;212;0
25641;55;-119;179;0
25704;58;-119;179;0
25767;60;-119;179;0
25830;63;-119;179;0
25893;65;-119;179;0
25956;70;-119;197;0
26019;73;-119;197;0
26082;77;-119;197;0
26145;80;-119;197;0
26208;83;-119;197;0
26271;90;-119;197;0
26334;93;-119;226;0
26397;96;-119;226;0
26460;103;-119;226;0
26523;106;-119;226;0
26586;109;-119;226;0
26649;111;-119;128;0
26712;115;-119;128;0
26775;116;-119;128;0
26838;118;-119;128;0
26901;121;-119;0;0
26964;121;-119;0;0
27027;121;-119;0;0
27090;121;-119;0;0
27153;121;-119;0;59
27216;121;-119;0;59
27279;121;-119;0;59
27342;121;-119;0;59
27405;121;-119;0;59
27468;121;-119;0;0
27531;121;-119;0;0
27594;121;-119;0;0
27657;121;-119;0;0
27720;121;-119;0;0
27783;121;-119;0;0
27846;121;-119;0;0
27909;121;-119;0;0
27972;121;-119;0;0
28035;121;-119;0;0
28098;121;-119;0;0
28161;121;-119;0;0
28224;121;-119;-51;0
28287;121;-119;-51;0
28350;121;-119;-51;0
28413;121;-119;-51;81
28476;121;-119;-51;81
28539;121;-119;-85;81
28602;121;-119;-85;81
28665;121;-118;-85;145
28728;121;-116;-85;145
28791;121;-114;-85;145
28854;119;-112;-143;145
28917;117;-110;-143;145
28980;113;-105;-143;173
29043;111;-103;-143;173
29106;109;-100;-143;173
29169;106;-98;-220;173
29232;100;-93;-220;173
29295;96;-92;-220;57
29358;89;-92;-220;57
29421;89;-92;-220;57
29484;85;-92;-303;57
29547;78;-92;-303;57
29610;74;-92;-303;96
29673;70;-92;-303;96
29736;66;-92;-303;96
29799;58;-92;-340;96
29862;55;-92;-340;96
29925;51;-92;-340;115
29988;47;-91;-340;115
30051;39;-88;-146;115
30114;37;-86;-146;115
30177;35;-85;-146;115
30240;33;-83;-146;90
30303;29;-83;-146;90
30366;27;-83;-68;90
30429;27;-83;-68;90
30492;27;-83;-68;90
30555;27;-83;-68;110
30618;27;-83;-68;110
30681;27;-83;-68;110
30744;24;-83;-111;110
30807;22;-83;-111;110
30870;21;-83;-111;103
30933;19;-83;-111;103
30996;18;-83;-111;103
31059;18;-83;-81;103
31122;18;-83;-81;103
31185;18;-83;-81;112
31248;18;-80;-81;112
31311;18;-78;-75;112
31374;18;-77;-75;112
31437;18;-74;-75;101
31500;18;-74;-75;101
31563;18;-74;-75;101
31626;18;-74;-44;101
31689;18;-74;-44;101
31752;18;-74;-44;101
31815;18;-74;-44;96
31878;18;-74;-44;96
31941;18;-74;-52;96
32004;18;-74;-52;96
32067;18;-74;-52;109
32130;18;-74;-52;109
32193;18;-74;-52;109
32256;18;-74;-26;109
32319;18;-74;-26;109
32382;18;-74;-26;109
32445;18;-74;-26;0
32508;18;-74;0;0
32571;18;-74;0;0
32634;18;-74;0;0
32697;18;-74;0;0
32760;18;-74;0;0
32823;18;-74;0;0
32886;18;-74;0;0
32949;18;-74;0;0
33012;18;-74;0;0
33075;18;-74;0;0
33138;18;-74;0;0
33201;18;-74;0;0
33264;18;-74;0;0
33327;18;-74;0;0
33390;18;-74;0;0
33453;18;-74;0;0
33516;18;-74;0;0
33579;18;-74;0;0
33642;18;-74;0;0
33705;18;-74;0;70
33768;18;-74;-31;70
33831;18;-74;-31;70
33894;18;-74;-31;70
33957;18;-74;-31;70
34020;18;-74;-31;106
34083;18;-74;0;106
34146;18;-74;0;106
34209;18;-74;0;106
34272;18;-74;0;106
34335;18;-74;0;38
34398;18;-74;0;38
34461;18;-74;0;38
34524;18;-74;0;38
34587;18;-74;0;130
34650;18;-73;0;130
34713;18;-71;-47;130
34776;18;-67;-47;130
34839;18;-66;-47;130
34902;18;-64;-47;130
34965;18;-58;-47;205
35028;18;-58;-47;205
35091;18;-51;-68;205
35154;18;-48;-68;205
35217;18;-45;-68;205
35280;18;-39;-68;180
35343;17;-37;-131;180
35406;15;-34;-131;180
35469;13;-32;-131;180
35532;11;-29;-131;180
35595;8;-24;-131;182
35658;1;-19;-235;182
35721;1;-19;-235;182
35784;-1;-17;-235;182
35847;-8;-12;-235;196
35910;-12;-9;-235;196
35973;-16;-5;-255;196
36036;-20;-2;-255;196
36099;-30;3;-255;196
36162;-34;5;-255;141
36225;-39;7;-255;141
36288;-43;9;-181;141
36351;-48;13;-181;141
36414;-50;15;-181;141
36477;-55;19;-181;128
36540;-58;21;-123;128
36603;-59;22;-123;128
36666;-61;24;-123;128
36729;-63;26;-123;128
36792;-66;29;-123;133
36855;-68;31;-73;133
36918;-68;32;-73;133
36981;-68;34;-73;133
37044;-68;38;-73;169
37107;-68;40;-73;169
37170;-68;43;-73;169
37233;-68;45;-43;169
37296;-68;50;-43;169
37359;-68;53;-43;169
37422;-68;55;-43;129
37485;-68;56;-43;129
37548;-68;58;-45;129
37611;-68;61;-45;129
37674;-68;63;-45;129
37737;-68;64;-45;79
37800;-68;64;-104;79
37863;-68;64;-104;79
37926;-68;64;-104;79
37989;-68;64;-104;79
38052;-68;64;-104;97
38115;-69;64;-198;97
38178;-72;64;-198;97
38241;-78;64;-198;97
38304;-81;65;-198;160
38367;-84;67;-198;160
38430;-88;70;-265;160
38493;-93;72;-265;160
38556;-102;77;-265;160
38619;-107;78;-265;92
38682;-111;78;-265;92
38745;-115;78;-219;92
38808;-123;78;-219;92
38871;-126;78;-219;92
38934;-130;78;-219;119
38997;-134;80;-219;119
39060;-137;82;-173;119
39123;-142;85;-173;119
39186;-144;86;-173;119
39249;-147;88;-173;103
39312;-149;88;-173;103
39375;-152;88;-90;103
39438;-152;88;-90;103
39501;-152;88;-90;103
39564;-152;88;-90;103
39627;-152;88;-90;77
39690;-152;88;-69;77
39753;-152;88;-69;77
39816;-152;88;-69;77
39879;-152;88;-69;76
39942;-152;88;-69;76
40005;-152;88;-35;76
40068;-152;88;-35;76
40131;-152;88;-35;76
40194;-152;88;-35;76
40257;-152;88;-35;56
40320;-152;88;0;56
40383;-152;88;0;56
40446;-152;88;0;56
40509;-152;88;0;56
40572;-152;88;0;41
40635;-152;88;0;41
40698;-152;88;0;41
40761;-152;88;0;41
40824;-152;88;0;41
40887;-152;88;0;26
40950;-152;88;0;26
41013;-152;88;0;26
41076;-152;88;0;26
41139;-152;88;0;26
41202;-152;88;0;31
41265;-152;88;0;31
41328;-152;88;0;31
41391;-152;88;0;31
41454;-152;88;0;31
41517;-152;88;0;29
41580;-152;88;0;29
41643;-152;88;0;29
41706;-152;88;0;29
41769;-152;88;0;29
41832;-152;88;0;29
41895;-152;88;0;0
41958;-152;88;0;0
42021;-152;88;0;0
42084;-152;88;0;0
42147;-152;88;0;30
42210;-152;88;0;30
42273;-152;88;0;30
42336;-152;88;0;30
42399;-152;88;0;30
42462;-152;88;0;43
42525;-151;88;177;43
42588;-146;88;177;43
42651;-143;88;177;43
42714;-141;88;177;43
42777;-138;89;177;159
42840;-137;93;90;159
42903;-137;96;90;159
42966;-137;98;90;159
43029;-137;101;90;159
43092;-137;106;39;190
43155;-137;109;39;190
43218;-137;112;39;190
43281;-137;115;39;190
43344;-137;121;39;85
43407;-137;121;250;85
43470;-132;121;250;85
43533;-123;121;250;85
43596;-118;121;250;85
43659;-113;121;250;0
43722;-109;121;250;0
43785;-105;121;390;0
43848;-101;121;390;0
43911;-94;121;390;0
43974;-90;121;390;0
44037;-86;121;0;78
44100;-86;121;0;78
44163;-86;121;0;78
44226;-86;121;0;78
44289;-86;121;0;78
44352;-86;121;0;69
44415;-86;121;0;69
44478;-86;121;0;69
44541;-86;121;0;69
44604;-86;121;0;69
44667;-86;121;0;86
44730;-86;121;0;86
44793;-86;121;0;86
44856;-86;121;0;86
44919;-86;121;0;86
44982;-86;121;0;0
45045;-86;121;0;0
45108;-86;121;0;0
45171;-86;121;0;0
45234;-86;121;-33;0
45297;-86;121;-33;0
45360;-86;121;-33;0
45423;-86;121;-33;0
45486;-86;121;-33;0
45549;-86;121;-41;0
45612;-86;121;-41;0
45675;-86;121;-41;0
45738;-86;121;-41;0
45801;-86;121;-41;0
45864;-86;121;-76;0
45927;-86;121;-76;0
45990;-86;121;-76;0
46053;-86;121;-76;0
46116;-86;121;-76;0
46179;-86;121;-50;54
46242;-86;121;-50;54
46305;-86;121;-50;54
46368;-86;121;-50;54
46431;-86;121;-50;54
46494;-86;121;-79;0
46557;-86;121;-79;0
46620;-86;121;-79;0
46683;-86;121;-79;0
46746;-86;121;-79;0
46809;-86;121;-66;41
46872;-86;121;-66;41
46935;-86;121;-66;41
46998;-86;121;-66;41
47061;-86;121;-66;41
47124;-86;121;-64;43
47187;-86;121;-64;43
47250;-86;121;-64;43
47313;-86;121;-64;43
47376;-86;121;-64;43
47439;-86;121;-86;0
47502;-86;121;-86;0
47565;-86;121;-86;0
47628;-86;121;-86;0
47691;-86;121;-86;0
47754;-86;121;-81;42
47817;-86;121;-81;42
47880;-86;121;-81;42
47943;-86;121;-81;42
48006;-86;121;-29;42
48069;-86;121;-29;42
48132;-86;121;-29;46
48195;-86;121;-29;46
48258;-86;121;-29;46
48321;-86;121;-29;46
48384;-86;121;-77;46
48447;-86;121;-77;0
48510;-86;121;-77;0
48573;-86;121;-77;0
48636;-86;121;-77;0
48699;-86;121;-29;0
48762;-86;125;-29;153
48825;-86;127;-29;153
48888;-86;130;-29;153
48951;-86;130;-52;153
49014;-86;130;-52;0
49077;-86;130;-52;0
49140;-86;130;-52;0
49203;-86;130;-52;0
49266;-86;130;-44;0
49329;-86;130;-44;0
49392;-86;130;-44;0
49455;-86;130;-44;0
49518;-86;130;-44;0
49581;-86;130;-67;-28
49644;-86;130;-67;-28
49707;-86;130;-67;-28
49770;-86;130;-67;-28
49833;-86;130;-67;-28
49896;-86;130;-78;-42
49959;-86;130;-78;-42
50022;-86;130;-78;-42
50085;-86;130;-78;-42
50148;-86;130;-78;-42
50211;-88;130;-172;-58
50274;-90;130;-172;-58
50337;-93;130;-172;-58
50400;-95;130;-172;-58
50463;-100;130;-172;-58
50526;-100;130;-61;-58
50589;-100;130;-61;0
50652;-100;130;-61;0
50715;-100;130;-61;0
50778;-100;130;-61;0
50841;-100;130;-37;0
50904;-100;130;-37;0
50967;-100;130;-37;0
51030;-100;130;-37;0
51093;-100;130;-37;0
51156;-100;130;-62;0
51219;-100;130;-62;-42
51282;-100;130;-62;-42
51345;-100;130;-62;-42
51408;-101;130;-124;-42
51471;-103;130;-124;-59
51534;-104;130;-124;-59
51597;-106;130;-124;-59
51660;-108;130;-124;-59
51723;-111;130;-124;-59
51786;-112;130;-94;-51
51849;-112;130;-94;-51
51912;-112;130;-94;-51
51975;-112;130;-94;-51
52038;-112;130;-94;-51
52101;-112;130;-56;-69
52164;-112;130;-56;-69
52227;-112;130;-56;-69
52290;-112;130;-56;-69
52353;-112;130;-56;-69
52416;-112;130;-60;-52
52479;-112;130;-60;-52
52542;-112;130;-60;-52
52605;-112;130;-60;-52
52668;-112;130;-60;-52
52731;-112;130;-60;-39
52794;-112;130;-39;-39
52857;-112;130;-39;-39
52920;-112;130;-39;-39
52983;-112;130;-39;-39
53046;-112;130;-39;-29
53109;-112;130;-33;-29
53172;-112;130;-33;-29
53235;-112;130;-33;-29
53298;-112;130;-33;-29
53361;-112;130;-33;-40
53424;-112;130;0;-40
53487;-112;130;0;-40
53550;-112;130;0;-40
53613;-112;130;0;-40
53676;-112;127;0;-158
53739;-112;124;0;-158
53802;-112;122;0;-158
53865;-112;120;0;-158
53928;-112;116;0;-140
53991;-112;114;0;-140
54054;-112;112;0;-140
54117;-112;108;0;-140
54180;-112;106;0;-140
54243;-112;104;0;-85
54306;-112;104;0;-85
54369;-112;104;0;-85
54432;-112;104;0;-85
54495;-112;104;0;-85
54558;-112;104;0;-84
54621;-112;104;0;-84
54684;-112;104;0;-84
54747;-112;104;0;-84
54810;-112;104;0;-84
54873;-112;104;0;-84
54936;-112;102;0;-149
54999;-112;100;0;-149
55062;-112;96;0;-149
55125;-112;94;0;-149
55188;-112;92;0;-149
55251;-112;89;0;-127
55314;-112;87;0;-127
55377;-112;85;0;-127
55440;-112;83;0;-127
55503;-112;81;0;-104
55566;-112;81;0;-104
55629;-112;81;0;-104
55692;-112;81;0;-104
55755;-112;81;0;-104
55818;-112;78;0;-139
55881;-112;76;0;-139
55944;-112;74;0;-139
56007;-112;72;0;-139
56070;-112;70;0;-139
56133;-112;66;0;-151
56196;-112;64;0;-151
56259;-112;62;0;-151
56322;-112;60;0;-151
56385;-112;56;0;-127
56448;-112;54;0;-127
56511;-112;52;0;-127
56574;-112;51;0;-127
56637;-112;49;0;-127
56700;-112;47;0;-127
56763;-112;44;0;-116
56826;-112;42;0;-116
56889;-112;41;0;-116
56952;-112;39;0;-116
57015;-112;38;0;-116
57078;-112;35;0;-147
57141;-112;32;0;-147
57204;-112;30;0;-147
57267;-112;26;0;-147
57330;-112;24;0;-147
57393;-112;22;0;-152
57456;-112;20;0;-152
57519;-112;16;0;-152
57582;-112;14;0;-152
57645;-112;12;0;-152
57708;-112;10;0;-148
57771;-112;6;0;-148
57834;-112;4;0;-148
57897;-112;2;0;-148
57960;-112;0;0;-148
58023;-112;-4;0;-158
58086;-112;-6;0;-158
58149;-112;-10;0;-158
58212;-112;-12;0;-158
58275;-112;-14;0;-187
58338;-112;-17;0;-187
58401;-112;-22;0;-187
58464;-112;-24;0;-187
58527;-112;-27;0;-187
58590;-112;-30;0;-193
58653;-112;-32;0;-193
58716;-112;-35;0;-193
58779;-112;-40;0;-193
58842;-112;-43;0;-193
58905;-112;-46;0;-188
58968;-112;-49;0;-188
59031;-112;-51;0;-188
59094;-112;-56;0;-188
59157;-112;-59;0;-188
59220;-112;-61;0;-188
59283;-112;-66;0;-168
59346;-112;-69;0;-168
59409;-112;-71;0;-168
59472;-112;-74;0;-168
59535;-112;-79;0;-141
59598;-112;-81;0;-141
59661;-112;-83;0;-141
59724;-112;-85;0;-141
59787;-112;-89;0;-141
59850;-112;-91;0;-129
59913;-112;-92;0;-129
59976;-112;-94;0;-129
60039;-112;-96;0;-129
60102;-112;-99;0;-129
60165;-112;-101;0;-134
60228;-112;-103;0;-134
60291;-112;-106;0;-134
60354;-112;-108;0;-134
60417;-112;-111;0;-138
60480;-112;-113;0;-138
60543;-112;-115;0;-138
60606;-112;-117;0;-138
60669;-112;-119;0;-138
60732;-112;-121;0;-138
60795;-112;-123;0;-73
60858;-112;-123;0;-73
60921;-112;-123;0;-73
60984;-112;-123;0;-73
61047;-112;-123;0;0
61110;-112;-123;0;0
61173;-112;-123;0;0
61236;-112;-123;0;0
61299;-112;-123;0;0
61362;-112;-123;0;0
61425;-112;-123;0;0
61488;-112;-123;0;0
61551;-112;-123;0;0
61614;-112;-123;0;0
61677;-112;-123;0;0
61740;-112;-123;0;0
61803;-112;-123;0;0
61866;-112;-123;0;0
61929;-112;-123;0;0
61992;-112;-123;0;0
62055;-112;-123;0;27
62118;-112;-123;0;27
62181;-112;-123;0;27
62244;-112;-123;0;27
62307;-112;-123;0;27
62370;-112;-123;0;37
62433;-112;-123;0;37
62496;-112;-123;0;37
62559;-112;-123;0;37
62622;-112;-123;0;58
62685;-112;-123;0;58
62748;-112;-123;0;58
62811;-112;-123;0;58
62874;-112;-123;0;58
62937;-112;-123;0;41
63000;-112;-123;0;41
63063;-112;-123;0;41
63126;-112;-123;0;41
63189;-112;-123;0;41
63252;-112;-123;0;62
63315;-112;-123;29;62
63378;-112;-123;29;62
63441;-112;-123;29;62
63504;-112;-123;29;62
63567;-112;-123;29;62
63630;-112;-123;77;66
63693;-112;-123;77;66
63756;-112;-123;77;66
63819;-112;-123;77;66
63882;-112;-123;77;45
63945;-112;-123;100;45
64008;-112;-123;100;45
64071;-112;-123;100;45
64134;-112;-123;100;45
64197;-112;-123;100;62
64260;-110;-123;121;62
64323;-108;-123;121;62
64386;-106;-123;121;62
64449;-105;-123;121;62
64512;-103;-123;121;58
64575;-100;-123;138;58
64638;-98;-123;138;58
64701;-94;-123;138;58
64764;-92;-123;138;89
64827;-90;-123;138;89
64890;-88;-123;97;89
64953;-88;-123;97;89
65016;-88;-123;97;89
65079;-88;-123;97;89
65142;-88;-123;97;94
65205;-88;-123;107;94
65268;-88;-123;107;94
65331;-88;-123;107;94
65394;-88;-123;107;63
65457;-88;-123;231;63
65520;-85;-123;231;63
65583;-82;-123;231;63
65646;-79;-123;231;63
65709;-76;-123;231;63
65772;-72;-123;231;0
65835;-66;-123;206;0
65898;-62;-123;206;0
65961;-59;-123;206;0
66024;-56;-123;206;0
66087;-49;-123;206;58
66150;-47;-123;179;58
66213;-44;-123;179;58
66276;-39;-123;179;58
66339;-37;-123;179;58
66402;-34;-123;179;67
66465;-31;-123;170;67
66528;-29;-123;170;67
66591;-26;-123;170;67
66654;-21;-123;170;67
66717;-16;-123;212;81
66780;-13;-123;212;81
66843;-10;-123;212;81
66906;-6;-123;212;81
66969;-3;-123;212;81
67032;3;-123;256;88
67095;8;-123;256;88
67158;12;-123;256;88
67221;17;-123;256;88
67284;22;-123;256;88
67347;31;-123;285;75
67410;35;-123;285;75
67473;38;-123;285;75
67536;46;-123;285;75
67599;49;-123;285;104
67662;53;-123;294;104
67725;57;-123;294;104
67788;60;-123;294;104
67851;68;-123;294;104
67914;71;-123;294;104
67977;79;-120;313;128
68040;82;-119;313;128
68103;86;-117;313;128
68166;90;-115;313;128
68229;94;-114;313;128
68292;102;-111;275;113
68355;106;-110;275;113
68418;110;-108;275;113
68481;115;-107;275;113
68544;123;-105;275;65
68607;125;-105;75;65
68670;125;-105;75;65
68733;125;-105;75;65
68796;125;-105;75;65
68859;125;-105;75;0
68922;125;-105;0;0
68985;125;-105;0;0
69048;125;-105;0;0
69111;125;-105;0;0
69174;125;-105;0;0
69237;125;-105;0;0
69300;125;-105;0;0
69363;125;-105;0;0
69426;125;-105;0;0
69489;125;-105;0;0
69552;125;-105;0;0
69615;125;-105;0;0
69678;125;-105;0;0
69741;125;-105;0;0
69804;125;-105;0;0
69867;125;-105;0;0
69930;125;-105;0;0
69993;125;-105;0;0
70056;125;-105;0;0
70119;125;-105;0;0
70182;125;-105;0;0
70245;125;-105;0;0
70308;125;-105;0;0
70371;125;-105;-30;0
70434;125;-105;-30;0
70497;125;-105;-30;0
70560;125;-105;-30;0
70623;125;-105;-30;0
70686;125;-105;-54;0
70749;125;-105;-54;0
70812;125;-105;-54;0
70875;125;-105;-54;0
70938;125;-105;-54;0
71001;125;-105;-59;0
71064;125;-105;-59;0
71127;125;-105;-59;0
71190;125;-105;-59;0
71253;125;-105;-59;0
71316;125;-105;-68;50
71379;125;-105;-68;50
71442;125;-105;-68;50
71505;125;-105;-68;50
71568;125;-105;-40;50
71631;125;-105;-40;0
71694;125;-105;-40;0
71757;125;-105;-40;0
71820;125;-105;-40;0
71883;125;-105;-55;0
71946;125;-105;-55;0
72009;125;-105;-55;0
72072;125;-105;-55;0
72135;125;-105;-55;0
72198;125;-105;-55;0
72261;122;-105;-114;0
72324;121;-105;-114;47
72387;119;-105;-114;47
72450;118;-105;-114;47
72513;116;-105;-114;47
72576;110;-105;-229;47
72639;106;-105;-229;70
72702;102;-105;-229;70
72765;98;-105;-229;70
72828;92;-105;-147;70
72891;90;-105;-147;70
72954;88;-105;-147;85
73017;86;-105;-147;85
73080;84;-105;-147;85
73143;81;-105;0;85
73206;81;-105;0;85
73269;81;-101;0;161
73332;81;-99;0;161
73395;81;-96;0;161
73458;81;-91;0;161
73521;81;-90;0;97
73584;81;-90;0;97
73647;81;-90;0;97
73710;81;-90;0;97
73773;81;-90;0;97
73836;81;-90;0;26
73899;81;-90;0;26
73962;81;-90;0;26
74025;81;-90;0;26
74088;80;-90;-114;26
74151;78;-90;-114;94
74214;77;-90;-114;94
74277;74;-90;-114;94
74340;72;-90;-114;94
74403;69;-90;-205;94
74466;66;-90;-205;94
74529;60;-85;-205;173
74592;57;-83;-205;173
74655;53;-80;-205;173
74718;52;-78;-102;173
74781;52;-73;-102;158
74844;52;-71;-102;158
74907;52;-69;-102;158
74970;52;-67;-102;158
75033;52;-62;-60;158
75096;52;-61;-60;107
75159;52;-61;-60;107
75222;52;-61;-60;107
75285;52;-61;-60;107
75348;49;-61;-161;107
75411;47;-60;-161;138
75474;44;-58;-161;138
75537;42;-56;-161;138
75600;37;-52;-213;138
75663;34;-50;-213;138
75726;30;-48;-213;147
75789;24;-44;-213;147
75852;21;-43;-213;147
75915;16;-39;-112;147
75978;15;-37;-112;128
76041;13;-35;-112;128
76104;12;-33;-112;128
76167;10;-31;-112;128
76230;7;-28;-142;128
76293;3;-25;-142;117
76356;1;-23;-142;117
76419;0;-22;-142;117
76482;-4;-19;-157;117
76545;-6;-17;-157;117
76608;-9;-16;-157;126
76671;-13;-12;-157;126
76734;-15;-10;-157;126
76797;-17;-9;-115;126
76860;-20;-5;-115;140
76923;-21;-3;-115;140
76986;-24;0;-115;140
77049;-25;2;-75;140
77112;-25;4;-75;140
77175;-25;6;-75;143
77238;-25;10;-75;143
77301;-25;12;-75;143
77364;-25;14;-58;143
77427;-25;18;-58;133
77490;-25;20;-58;133
77553;-25;21;-58;133
77616;-25;23;-58;133
77679;-27;26;-116;133
77742;-28;28;-116;102
77805;-30;28;-116;102
77868;-33;28;-116;102
77931;-35;28;-182;102
77994;-38;28;-182;102
78057;-43;28;-182;104
78120;-49;28;-182;104
78183;-52;28;-151;104
78246;-54;28;-151;104
78309;-59;30;-151;175
78372;-61;33;-151;175
78435;-63;35;-151;175
78498;-65;38;-151;175
78561;-65;45;-83;135
78624;-65;47;-83;135
78687;-65;49;-83;135
78750;-65;53;-92;135
78813;-65;55;-92;98
78876;-65;55;-92;98
78939;-66;55;-118;98
79002;-67;55;-118;98
79065;-70;58;-118;138
79128;-73;62;-118;138
79191;-75;64;-119;138
79254;-79;71;-119;180
79317;-81;73;-119;180
79380;-82;76;-119;180
79443;-83;81;-80;180
79506;-83;84;-80;115
79569;-83;86;-80;115
79632;-83;89;-86;115
79695;-83;90;-86;115
79758;-83;94;-86;136
79821;-83;96;-86;136
79884;-83;100;-105;136
79947;-83;102;-105;136
80010;-83;104;-105;102
80073;-83;104;-105;102
80136;-83;104;-105;102
80199;-86;104;-188;102
80262;-91;104;-188;63
80325;-97;104;-188;63
80388;-100;104;-188;63
80451;-104;104;-244;63
80514;-111;104;-244;46
80577;-115;104;-244;46
80640;-123;104;-244;46
80703;-124;104;-103;46
80766;-124;105;-103;118
80829;-124;106;-103;118
80892;-124;107;-103;118
80955;-124;110;-27;118
81018;-124;112;-27;118
81081;-124;113;-27;76
81144;-124;113;-27;76
81207;-124;113;-27;76
81270;-124;113;-27;76
81333;-124;113;-27;0
81396;-124;113;-27;0
81459;-124;113;-27;0
81522;-124;113;-27;0
81585;-124;113;-27;0
81648;-124;113;-27;0
81711;-124;113;-27;0
81774;-124;113;-27;0
81837;-124;113;0;0
81900;-124;113;0;0
81963;-124;113;0;0
82026;-124;113;0;0
82089;-124;113;0;0
82152;-124;113;0;0
82215;-124;113;0;0
82278;-124;113;0;0
82341;-124;113;0;0
82404;-124;113;0;0
82467;-124;113;0;0
82530;-124;113;0;64
82593;-124;113;0;64
82656;-124;113;0;64
82719;-124;113;0;64
82782;-124;113;0;64
82845;-124;113;79;63
82908;-124;113;79;63
82971;-124;113;79;63
83034;-124;113;79;63
83097;-124;113;45;90
83160;-124;113;45;90
83223;-124;113;45;90
83286;-124;113;45;90
83349;-124;113;45;90
83412;-124;113;86;120
83475;-124;117;86;120
83538;-124;120;86;120
83601;-124;122;86;120
83664;-124;123;97;43
83727;-124;123;97;43
83790;-124;123;97;43
83853;-124;123;97;43
83916;-124;123;165;0
83979;-122;123;165;0
84042;-117;123;165;0
84105;-112;123;165;0
84168;-110;123;165;0
84231;-107;123;167;0
84294;-102;123;167;0
84357;-100;123;167;0
84420;-97;123;167;0
84483;-92;123;176;46
84546;-87;123;176;46
84609;-85;123;176;46
84672;-77;123;195;68
84735;-74;123;195;68
84798;-70;123;195;68
84861;-64;123;195;68
84924;-61;123;195;68
84987;-54;123;213;63
85050;-51;123;213;63
85113;-44;123;213;63
85176;-38;123;230;46
85239;-31;123;230;46
85302;-28;123;230;46
85365;-21;123;230;46
85428;-18;123;209;44
85491;-11;123;209;44
85554;-8;123;209;44
85617;-1;123;209;44
85680;1;123;209;28
85743;7;123;208;28
85806;14;123;208;28
85869;17;123;208;28
85932;23;123;208;26
85995;27;123;198;26
86058;33;123;198;26
86121;36;123;198;26
86184;43;123;198;0
86247;46;123;185;0
86310;53;123;185;0
86373;58;123;185;0
86436;66;123;178;0
86499;71;123;178;0
86562;79;123;197;0
86625;83;123;197;0
86688;92;123;197;0
86751;98;123;187;0
86814;103;123;187;0
86877;106;123;187;0
86940;110;123;74;0
87003;110;123;74;0
87066;110;123;74;0
87129;110;123;74;0
87192;110;123;0;0
87255;110;123;0;0
87318;110;123;0;0
87381;110;123;0;0
87444;110;123;0;0
87507;110;123;0;0
87570;110;123;0;0
87633;110;123;0;0
87696;110;123;0;0
